Node,Period,h2_demand[kg/hr]
A,D1,0
A,D2,0
A,D3,0
A,D4,0
A,D5,0
A,D6,0
A,D7,0
A,D8,0
A,D9,0
A,D10,0
A,D11,0
A,D12,0
A,D13,0
A,D14,0
A,D15,0
A,D16,0
A,D17,0
A,D18,0
A,D19,0
A,D20,0
A,D21,0
A,D22,0
A,D23,0
A,D24,0
A,D25,0
A,D26,0
A,D27,0
A,D28,0
A,D29,0
A,D30,0
A,D31,0
A,D32,0
A,D33,0
A,D34,0
A,D35,0
A,D36,0
A,D37,0
A,D38,0
A,D39,0
A,D40,0
A,D41,0
A,D42,0
A,D43,0
A,D44,0
A,D45,0
A,D46,0
A,D47,0
A,D48,0
A,D49,0
A,D50,0
A,D51,0
A,D52,0
A,D53,0
A,D54,0
A,D55,0
A,D56,0
A,D57,0
A,D58,0
A,D59,0
A,D60,0
A,D61,0
A,D62,0
A,D63,0
A,D64,0
A,D65,0
A,D66,0
A,D67,0
A,D68,0
A,D69,0
A,D70,0
A,D71,0
A,D72,0
A,D73,0
A,D74,0
A,D75,0
A,D76,0
A,D77,0
A,D78,0
A,D79,0
A,D80,0
A,D81,0
A,D82,0
A,D83,0
A,D84,0
A,D85,0
A,D86,0
A,D87,0
A,D88,0
A,D89,0
A,D90,0
A,D91,0
A,D92,0
A,D93,0
A,D94,0
A,D95,0
A,D96,0
A,D97,0
A,D98,0
A,D99,0
A,D100,0
A,D101,0
A,D102,0
A,D103,0
A,D104,0
A,D105,0
A,D106,0
A,D107,0
A,D108,0
A,D109,0
A,D110,0
A,D111,0
A,D112,0
A,D113,0
A,D114,0
A,D115,0
A,D116,0
A,D117,0
A,D118,0
A,D119,0
A,D120,0
A,D121,0
A,D122,0
A,D123,0
A,D124,0
A,D125,0
A,D126,0
A,D127,0
A,D128,0
A,D129,0
A,D130,0
A,D131,0
A,D132,0
A,D133,0
A,D134,0
A,D135,0
A,D136,0
A,D137,0
A,D138,0
A,D139,0
A,D140,0
A,D141,0
A,D142,0
A,D143,0
A,D144,0
A,D145,0
A,D146,0
A,D147,0
A,D148,0
A,D149,0
A,D150,0
A,D151,0
A,D152,0
A,D153,0
A,D154,0
A,D155,0
A,D156,0
A,D157,0
A,D158,0
A,D159,0
A,D160,0
A,D161,0
A,D162,0
A,D163,0
A,D164,0
A,D165,0
A,D166,0
A,D167,0
A,D168,0
A,D169,0
A,D170,0
A,D171,0
A,D172,0
A,D173,0
A,D174,0
A,D175,0
A,D176,0
A,D177,0
A,D178,0
A,D179,0
A,D180,0
A,D181,0
A,D182,0
A,D183,0
A,D184,0
A,D185,0
A,D186,0
A,D187,0
A,D188,0
A,D189,0
A,D190,0
A,D191,0
A,D192,0
A,D193,0
A,D194,0
A,D195,0
A,D196,0
A,D197,0
A,D198,0
A,D199,0
A,D200,0
A,D201,0
A,D202,0
A,D203,0
A,D204,0
A,D205,0
A,D206,0
A,D207,0
A,D208,0
A,D209,0
A,D210,0
A,D211,0
A,D212,0
A,D213,0
A,D214,0
A,D215,0
A,D216,0
A,D217,0
A,D218,0
A,D219,0
A,D220,0
A,D221,0
A,D222,0
A,D223,0
A,D224,0
A,D225,0
A,D226,0
A,D227,0
A,D228,0
A,D229,0
A,D230,0
A,D231,0
A,D232,0
A,D233,0
A,D234,0
A,D235,0
A,D236,0
A,D237,0
A,D238,0
A,D239,0
A,D240,0
A,D241,0
A,D242,0
A,D243,0
A,D244,0
A,D245,0
A,D246,0
A,D247,0
A,D248,0
A,D249,0
A,D250,0
A,D251,0
A,D252,0
A,D253,0
A,D254,0
A,D255,0
A,D256,0
A,D257,0
A,D258,0
A,D259,0
A,D260,0
A,D261,0
A,D262,0
A,D263,0
A,D264,0
A,D265,0
A,D266,0
A,D267,0
A,D268,0
A,D269,0
A,D270,0
A,D271,0
A,D272,0
A,D273,0
A,D274,0
A,D275,0
A,D276,0
A,D277,0
A,D278,0
A,D279,0
A,D280,0
A,D281,0
A,D282,0
A,D283,0
A,D284,0
A,D285,0
A,D286,0
A,D287,0
A,D288,0
A,D289,0
A,D290,0
A,D291,0
A,D292,0
A,D293,0
A,D294,0
A,D295,0
A,D296,0
A,D297,0
A,D298,0
A,D299,0
A,D300,0
A,D301,0
A,D302,0
A,D303,0
A,D304,0
A,D305,0
A,D306,0
A,D307,0
A,D308,0
A,D309,0
A,D310,0
A,D311,0
A,D312,0
A,D313,0
A,D314,0
A,D315,0
A,D316,0
A,D317,0
A,D318,0
A,D319,0
A,D320,0
A,D321,0
A,D322,0
A,D323,0
A,D324,0
A,D325,0
A,D326,0
A,D327,0
A,D328,0
A,D329,0
A,D330,0
A,D331,0
A,D332,0
A,D333,0
A,D334,0
A,D335,0
A,D336,0
A,D337,0
A,D338,0
A,D339,0
A,D340,0
A,D341,0
A,D342,0
A,D343,0
A,D344,0
A,D345,0
A,D346,0
A,D347,0
A,D348,0
A,D349,0
A,D350,0
A,D351,0
A,D352,0
A,D353,0
A,D354,0
A,D355,0
A,D356,0
A,D357,0
A,D358,0
A,D359,0
A,D360,0
A,D361,0
A,D362,0
A,D363,0
A,D364,0
A,D365,0
B,D1,136974.3479
B,D2,136995.811
B,D3,136992.8164
B,D4,136983.2795
B,D5,136999.2301
B,D6,136979.4795
B,D7,137004.9151
B,D8,136983.6877
B,D9,136955.9397
B,D10,136986.5041
B,D11,137016.7425
B,D12,136973.611
B,D13,136985.4192
B,D14,137014.9288
B,D15,136995.6904
B,D16,136981.3589
B,D17,136986.0219
B,D18,136973.2904
B,D19,137009.537
B,D20,136954.4795
B,D21,137007.0822
B,D22,136989.3014
B,D23,136964.7808
B,D24,136985.0493
B,D25,137017.6082
B,D26,136976.7616
B,D27,136983.5233
B,D28,136977.3178
B,D29,137000.7863
B,D30,136974.2521
B,D31,136997.4986
B,D32,136991.8849
B,D33,137009.7425
B,D34,136985.8986
B,D35,136987.9452
B,D36,136949.1205
B,D37,136979.6247
B,D38,136966.1808
B,D39,136980.8219
B,D40,136991.4959
B,D41,136985.3534
B,D42,137017.2548
B,D43,136995.8411
B,D44,136964.9096
B,D45,136974.2274
B,D46,137006.1068
B,D47,136979.5315
B,D48,136985.1041
B,D49,136966.3562
B,D50,137012.9945
B,D51,137008.1836
B,D52,136987.1205
B,D53,136991.1726
B,D54,136979.0356
B,D55,136977.7178
B,D56,136984.7671
B,D57,137007.263
B,D58,136994.0795
B,D59,137006.0767
B,D60,137019.874
B,D61,136984.4521
B,D62,136977.3479
B,D63,136992.7315
B,D64,137036.7507
B,D65,137020.4904
B,D66,136957.3096
B,D67,137007.2575
B,D68,136978.5315
B,D69,136996.6575
B,D70,136952.937
B,D71,137007.7425
B,D72,136966.9836
B,D73,136964.0411
B,D74,137000.3151
B,D75,136972.7699
B,D76,137007.7671
B,D77,136965.6247
B,D78,136978.4959
B,D79,137005.5123
B,D80,136979.137
B,D81,137011.811
B,D82,136988.3945
B,D83,137011.7753
B,D84,136962.2466
B,D85,136972.4493
B,D86,136968.8767
B,D87,136979.7863
B,D88,136961.4329
B,D89,136979.7918
B,D90,136967.126
B,D91,136971.4438
B,D92,136959.2411
B,D93,136979.3452
B,D94,136956.8082
B,D95,136998.8685
B,D96,136986.8082
B,D97,136975.4192
B,D98,136986.0575
B,D99,136992.2767
B,D100,136993.1479
B,D101,136991.7315
B,D102,137003.1096
B,D103,136967.1945
B,D104,136969.8466
B,D105,136999.3863
B,D106,136976.6137
B,D107,136945.926
B,D108,136960.3178
B,D109,136948.8521
B,D110,137026.4877
B,D111,137013.5233
B,D112,137002.2274
B,D113,136964.5068
B,D114,136976.9863
B,D115,136982.8329
B,D116,137007.2904
B,D117,136981.4219
B,D118,136979.8219
B,D119,136982.1973
B,D120,136979.6384
B,D121,136998.8274
B,D122,136972.5096
B,D123,136992.5726
B,D124,137000.8082
B,D125,136990.1945
B,D126,136987.1288
B,D127,137007.2301
B,D128,137003.5205
B,D129,137012.4219
B,D130,136988.7808
B,D131,136984.0575
B,D132,136987.274
B,D133,136981.6192
B,D134,136977.4137
B,D135,136935.8219
B,D136,136999.263
B,D137,136998.4932
B,D138,136962.3644
B,D139,136954.074
B,D140,136997.2164
B,D141,136965.3644
B,D142,137000.0712
B,D143,136973.9151
B,D144,137000.789
B,D145,136989.0603
B,D146,137008.8
B,D147,137010.3041
B,D148,136989.9425
B,D149,137002.3288
B,D150,136990.8795
B,D151,137010.863
B,D152,137000.3096
B,D153,136970.5342
B,D154,136980.1425
B,D155,136991.6822
B,D156,136996.8438
B,D157,136989.4959
B,D158,137010.7342
B,D159,136990.4712
B,D160,136930.6877
B,D161,136991.074
B,D162,136999.7014
B,D163,136936.1452
B,D164,136973.8795
B,D165,136982.5644
B,D166,136980.8575
B,D167,136990.4521
B,D168,137004.7205
B,D169,136978.3973
B,D170,136977.7918
B,D171,137006.6575
B,D172,136972.4411
B,D173,136956.7123
B,D174,137012.1096
B,D175,136969.3151
B,D176,136973.1397
B,D177,136992.9041
B,D178,136976.8959
B,D179,136965.3342
B,D180,136986.7534
B,D181,136952.9671
B,D182,136986.5342
B,D183,136982.0685
B,D184,136988.5753
B,D185,136991.8603
B,D186,136989.4877
B,D187,136995.6301
B,D188,136974.4082
B,D189,136966.5014
B,D190,136969.2658
B,D191,136981.411
B,D192,136963.1397
B,D193,136992.4767
B,D194,136973.874
B,D195,136972.0301
B,D196,136988.7753
B,D197,136988.0959
B,D198,136971.5863
B,D199,136962.1973
B,D200,136976.1534
B,D201,136946.7753
B,D202,136991.389
B,D203,136966.189
B,D204,137004.7562
B,D205,137000.0219
B,D206,136985.2603
B,D207,136999.3589
B,D208,136978.9616
B,D209,137017.4986
B,D210,136969.9342
B,D211,136983.4192
B,D212,136987.9781
B,D213,136976.1123
B,D214,136994.7178
B,D215,136954.7425
B,D216,136983.7452
B,D217,136946.1671
B,D218,136951.1644
B,D219,136982.0055
B,D220,136963.4904
B,D221,136986.3534
B,D222,136995.8685
B,D223,136984.4192
B,D224,136941.4822
B,D225,136978.8384
B,D226,136998.6137
B,D227,136969.5507
B,D228,136998.1644
B,D229,137005.5315
B,D230,136989.2932
B,D231,136966.7808
B,D232,136977.6055
B,D233,136997.7589
B,D234,136975.0192
B,D235,136974.2904
B,D236,136985.4164
B,D237,136997.7781
B,D238,136954.5151
B,D239,136974.5699
B,D240,136963.3014
B,D241,137029.8438
B,D242,136979.5068
B,D243,136965.5973
B,D244,136982.5151
B,D245,136998.0685
B,D246,137023.9288
B,D247,136962.1233
B,D248,136981.5616
B,D249,136975.7041
B,D250,136992.2904
B,D251,136975.863
B,D252,136989.2493
B,D253,136960.8877
B,D254,136999.8384
B,D255,136956.7863
B,D256,136985.7534
B,D257,136997.8658
B,D258,136975.411
B,D259,136993.6685
B,D260,136972.7562
B,D261,136994.9836
B,D262,136999.5589
B,D263,136982.3699
B,D264,136964.6658
B,D265,136992.611
B,D266,136967.6822
B,D267,136970.874
B,D268,136972.5589
B,D269,136980.6438
B,D270,136982.6301
B,D271,137000
B,D272,136967.5781
B,D273,136982.6521
B,D274,136990.9479
B,D275,136984.3616
B,D276,136972.4219
B,D277,136995.5479
B,D278,136987.5096
B,D279,136984.5068
B,D280,136995.8822
B,D281,136971.0466
B,D282,136975.3616
B,D283,137004.0356
B,D284,136972.9836
B,D285,136981.8438
B,D286,136988.7534
B,D287,137001.3616
B,D288,136982.4548
B,D289,136979.4137
B,D290,136991.2932
B,D291,136988.2274
B,D292,137021.1507
B,D293,136985.926
B,D294,136984.2
B,D295,137004.3233
B,D296,136958.2164
B,D297,137000.4493
B,D298,136974.4685
B,D299,136998.0356
B,D300,136998.4
B,D301,137028.7589
B,D302,136995.3068
B,D303,136991.2466
B,D304,136978.8055
B,D305,136982.3808
B,D306,136990.8055
B,D307,136976.2164
B,D308,136953.2082
B,D309,136966.7671
B,D310,136968.1123
B,D311,136996.8384
B,D312,137011.2822
B,D313,136992.3589
B,D314,137001.4849
B,D315,136991.5918
B,D316,136977.8849
B,D317,136980.0822
B,D318,136959.2493
B,D319,137009.3589
B,D320,136983.9096
B,D321,136981.6164
B,D322,136986.1671
B,D323,137006.8164
B,D324,136995.5644
B,D325,136998.474
B,D326,136970.8274
B,D327,137001.1288
B,D328,136981.9945
B,D329,136970.1452
B,D330,136987.5014
B,D331,136995.2932
B,D332,136976.7781
B,D333,136992.7342
B,D334,136966.474
B,D335,136971.7342
B,D336,136984.3123
B,D337,136962.7151
B,D338,137004.9479
B,D339,136988.1205
B,D340,136991.0438
B,D341,136990.8685
B,D342,136983.8438
B,D343,136984.3973
B,D344,136983.7589
B,D345,137003.589
B,D346,136992.474
B,D347,136993.1205
B,D348,137004.8164
B,D349,136996.7315
B,D350,137002.2192
B,D351,137017.3781
B,D352,136998.7973
B,D353,136965.0082
B,D354,137003.4055
B,D355,136958.3973
B,D356,137003.9397
B,D357,136972.9233
B,D358,136976.326
B,D359,137017.7397
B,D360,137009.7342
B,D361,136983.8384
B,D362,136981.2932
B,D363,136993.6164
B,D364,136997.0685
B,D365,136978.7589
C,D1,221772
C,D2,221646
C,D3,221522
C,D4,222198
C,D5,222445
C,D6,222138
C,D7,221794
C,D8,221793
C,D9,221982
C,D10,222434
C,D11,221893
C,D12,221957
C,D13,221167
C,D14,221885
C,D15,221671
C,D16,221605
C,D17,221816
C,D18,221945
C,D19,221826
C,D20,221684
C,D21,222166
C,D22,221695
C,D23,221878
C,D24,221799
C,D25,222177
C,D26,221742
C,D27,221752
C,D28,221906
C,D29,221551
C,D30,221914
C,D31,221669
C,D32,222043
C,D33,221092
C,D34,221530
C,D35,222160
C,D36,222069
C,D37,221178
C,D38,222064
C,D39,221984
C,D40,222268
C,D41,221918
C,D42,221905
C,D43,221575
C,D44,221729
C,D45,222114
C,D46,221946
C,D47,222258
C,D48,221674
C,D49,221633
C,D50,221925
C,D51,222161
C,D52,221871
C,D53,222259
C,D54,221829
C,D55,221942
C,D56,221961
C,D57,221912
C,D58,221897
C,D59,222326
C,D60,221791
C,D61,222162
C,D62,222294
C,D63,222114
C,D64,222168
C,D65,221683
C,D66,221746
C,D67,222099
C,D68,221615
C,D69,221755
C,D70,222057
C,D71,220917
C,D72,221619
C,D73,222245
C,D74,222068
C,D75,222159
C,D76,221968
C,D77,221434
C,D78,221933
C,D79,222404
C,D80,36439
C,D81,36260
C,D82,36624
C,D83,36432
C,D84,36460
C,D85,36528
C,D86,36672
C,D87,36293
C,D88,36661
C,D89,36410
C,D90,36517
C,D91,36430
C,D92,36363
C,D93,36465
C,D94,36525
C,D95,36603
C,D96,36475
C,D97,36518
C,D98,36446
C,D99,36406
C,D100,36447
C,D101,36524
C,D102,36372
C,D103,36343
C,D104,36472
C,D105,36303
C,D106,36462
C,D107,36502
C,D108,36569
C,D109,36390
C,D110,36583
C,D111,36603
C,D112,36380
C,D113,36496
C,D114,36577
C,D115,36515
C,D116,36624
C,D117,36527
C,D118,36798
C,D119,36601
C,D120,36455
C,D121,36611
C,D122,36273
C,D123,36563
C,D124,36250
C,D125,36574
C,D126,36563
C,D127,36324
C,D128,36409
C,D129,36538
C,D130,36355
C,D131,36435
C,D132,36627
C,D133,36490
C,D134,36422
C,D135,36520
C,D136,36474
C,D137,36551
C,D138,36352
C,D139,36394
C,D140,36468
C,D141,36318
C,D142,36627
C,D143,36397
C,D144,36431
C,D145,36802
C,D146,36276
C,D147,36463
C,D148,36536
C,D149,36499
C,D150,36522
C,D151,36575
C,D152,36398
C,D153,36538
C,D154,36433
C,D155,36374
C,D156,36395
C,D157,36422
C,D158,36400
C,D159,36407
C,D160,36384
C,D161,36608
C,D162,36606
C,D163,36482
C,D164,36361
C,D165,36344
C,D166,36415
C,D167,36475
C,D168,36305
C,D169,36360
C,D170,36496
C,D171,36527
C,D172,36557
C,D173,36569
C,D174,36356
C,D175,36409
C,D176,36509
C,D177,36393
C,D178,36449
C,D179,36470
C,D180,36282
C,D181,36312
C,D182,36547
C,D183,36722
C,D184,36542
C,D185,36501
C,D186,36548
C,D187,36549
C,D188,36589
C,D189,36539
C,D190,36444
C,D191,36703
C,D192,36386
C,D193,36447
C,D194,36476
C,D195,36507
C,D196,36444
C,D197,36542
C,D198,36560
C,D199,36593
C,D200,36587
C,D201,36580
C,D202,36552
C,D203,36493
C,D204,36400
C,D205,36364
C,D206,36613
C,D207,36457
C,D208,36676
C,D209,36402
C,D210,36303
C,D211,36468
C,D212,36569
C,D213,36464
C,D214,36537
C,D215,36463
C,D216,36497
C,D217,36390
C,D218,36478
C,D219,36560
C,D220,36465
C,D221,36492
C,D222,36608
C,D223,36353
C,D224,36348
C,D225,36445
C,D226,36388
C,D227,36304
C,D228,36456
C,D229,36308
C,D230,36585
C,D231,36450
C,D232,36662
C,D233,36642
C,D234,36628
C,D235,36336
C,D236,36482
C,D237,36600
C,D238,36491
C,D239,36416
C,D240,36557
C,D241,36447
C,D242,36589
C,D243,36463
C,D244,36662
C,D245,36386
C,D246,36589
C,D247,36339
C,D248,36391
C,D249,36453
C,D250,36561
C,D251,36711
C,D252,36360
C,D253,36708
C,D254,36411
C,D255,36834
C,D256,36673
C,D257,36469
C,D258,36253
C,D259,36577
C,D260,36602
C,D261,36540
C,D262,36453
C,D263,36577
C,D264,36335
C,D265,36599
C,D266,36357
C,D267,36546
C,D268,36585
C,D269,36569
C,D270,36369
C,D271,36442
C,D272,36480
C,D273,36561
C,D274,36602
C,D275,36803
C,D276,36610
C,D277,36320
C,D278,36243
C,D279,36446
C,D280,36422
C,D281,36416
C,D282,36476
C,D283,36505
C,D284,36327
C,D285,36399
C,D286,36336
C,D287,36321
C,D288,36797
C,D289,36156
C,D290,36545
C,D291,36359
C,D292,36463
C,D293,36470
C,D294,36691
C,D295,36425
C,D296,36374
C,D297,36490
C,D298,36357
C,D299,36489
C,D300,36304
C,D301,36575
C,D302,36474
C,D303,36400
C,D304,36453
C,D305,36542
C,D306,36469
C,D307,36486
C,D308,36471
C,D309,36474
C,D310,36432
C,D311,36426
C,D312,36506
C,D313,36319
C,D314,36279
C,D315,36601
C,D316,36532
C,D317,36377
C,D318,36519
C,D319,36398
C,D320,36387
C,D321,36477
C,D322,36447
C,D323,36597
C,D324,36367
C,D325,36629
C,D326,36338
C,D327,36559
C,D328,36291
C,D329,36414
C,D330,36616
C,D331,36448
C,D332,36534
C,D333,36563
C,D334,36521
C,D335,36377
C,D336,36661
C,D337,36410
C,D338,36514
C,D339,36277
C,D340,36477
C,D341,36402
C,D342,36644
C,D343,36668
C,D344,36403
C,D345,36437
C,D346,36297
C,D347,36455
C,D348,36291
C,D349,36713
C,D350,36354
C,D351,36572
C,D352,36728
C,D353,36578
C,D354,36340
C,D355,221833
C,D356,221539
C,D357,222233
C,D358,221741
C,D359,222100
C,D360,221745
C,D361,221700
C,D362,221923
C,D363,221106
C,D364,221637
C,D365,221763
D,D1,27391.23836
D,D2,27393.56712
D,D3,27399.94521
D,D4,27394.66301
D,D5,27405.21918
D,D6,27409.49863
D,D7,27388.4274
D,D8,27392.04932
D,D9,27400.67397
D,D10,27386.93973
D,D11,27402.4137
D,D12,27392.23014
D,D13,27409.29315
D,D14,27406.1589
D,D15,27399.98356
D,D16,27395.86575
D,D17,27405.16712
D,D18,27407.03288
D,D19,27413.94795
D,D20,27402.03562
D,D21,27392.8274
D,D22,27387.70137
D,D23,27385.67123
D,D24,27402.29863
D,D25,27398.4
D,D26,27390.96986
D,D27,27389.52055
D,D28,27406.40548
D,D29,27399.74795
D,D30,27402.0274
D,D31,27395.56164
D,D32,27385.1863
D,D33,27394.06575
D,D34,27408.80822
D,D35,27405.48493
D,D36,27402.52603
D,D37,27387.79726
D,D38,27405.08767
D,D39,27395.11233
D,D40,27393.82466
D,D41,27393.58082
D,D42,27385.78082
D,D43,27386.99452
D,D44,27405.1726
D,D45,27393.96164
D,D46,27387.87945
D,D47,27415.65753
D,D48,27379.03288
D,D49,27399.76712
D,D50,27390.46027
D,D51,27397.90685
D,D52,27384.41644
D,D53,27381.14521
D,D54,27386.05479
D,D55,27388.67945
D,D56,27401.95068
D,D57,27395.80822
D,D58,27409.4
D,D59,27394.45479
D,D60,27402.42466
D,D61,27404.71781
D,D62,27411.49589
D,D63,27393.44658
D,D64,27394.67671
D,D65,27392.93425
D,D66,27397.70411
D,D67,27395.31507
D,D68,27397.08767
D,D69,27374.42466
D,D70,27401.3863
D,D71,27391.35342
D,D72,27379.26301
D,D73,27387.15068
D,D74,27398.50685
D,D75,27388.47397
D,D76,27403.67397
D,D77,27401.30959
D,D78,27408.63562
D,D79,27404.01918
D,D80,27417.74795
D,D81,27406.09315
D,D82,27386.24384
D,D83,27390.70685
D,D84,27396.97808
D,D85,27394.07945
D,D86,27399.03562
D,D87,27405.87123
D,D88,27418.46301
D,D89,27403.04932
D,D90,27399.71507
D,D91,27392.33699
D,D92,27401.87397
D,D93,27399.52603
D,D94,27390.47945
D,D95,27395.10411
D,D96,27399.92603
D,D97,27407.03836
D,D98,27411.16712
D,D99,27378.47945
D,D100,27394.07123
D,D101,27398.73151
D,D102,27396.16164
D,D103,27383.03288
D,D104,27417.7863
D,D105,27397.52329
D,D106,27388.5589
D,D107,27378.58082
D,D108,27395.14795
D,D109,27409.20274
D,D110,27397.90137
D,D111,27386.71781
D,D112,27404.06301
D,D113,27397.11507
D,D114,27388.58082
D,D115,27408.17808
D,D116,27409.50411
D,D117,27411.47945
D,D118,27384.73425
D,D119,27386.32055
D,D120,27399.94247
D,D121,27395.09589
D,D122,27407.8137
D,D123,27399.96986
D,D124,27396.46301
D,D125,27391.27671
D,D126,27395.8137
D,D127,27384.16712
D,D128,27410.4137
D,D129,27400.55342
D,D130,27382.36986
D,D131,27407.92329
D,D132,27387.88493
D,D133,27392.34795
D,D134,27402.36164
D,D135,27395.13425
D,D136,27396.47671
D,D137,27393.53151
D,D138,27414.7589
D,D139,27394.15616
D,D140,27405.81644
D,D141,27417.23836
D,D142,27398.92055
D,D143,27398.84384
D,D144,27403.70411
D,D145,27405.07945
D,D146,27412.10959
D,D147,27391.73425
D,D148,27395.98082
D,D149,27395.46301
D,D150,27388.31233
D,D151,27386.6274
D,D152,27389.80274
D,D153,27393.50959
D,D154,27416.22192
D,D155,27400.96986
D,D156,27391.28767
D,D157,27397.04932
D,D158,27392.41096
D,D159,27400.93425
D,D160,27400.51781
D,D161,27399.94521
D,D162,27405.87945
D,D163,27390.07945
D,D164,27408.63288
D,D165,27392.70685
D,D166,27402.5726
D,D167,27393.79726
D,D168,27390.52603
D,D169,27406.47671
D,D170,27387.79178
D,D171,27405.42466
D,D172,27400.73699
D,D173,27383.74521
D,D174,27382.5726
D,D175,27404.88493
D,D176,27412.55342
D,D177,27397.16438
D,D178,27403.73699
D,D179,27413.58356
D,D180,27398.41096
D,D181,27383.50411
D,D182,27397.46027
D,D183,27391.59726
D,D184,27408.82192
D,D185,27409.52055
D,D186,27404.47671
D,D187,27414.75616
D,D188,27392.19452
D,D189,27402.17534
D,D190,27399.89589
D,D191,27398.36712
D,D192,27404.3589
D,D193,27395.14521
D,D194,27422.63562
D,D195,27401.29315
D,D196,27383.09863
D,D197,27405.78904
D,D198,27386.12329
D,D199,27392.68219
D,D200,27398.87671
D,D201,27408.24658
D,D202,27400.66575
D,D203,27388.54247
D,D204,27410.04384
D,D205,27397.91507
D,D206,27400.30959
D,D207,27404.13425
D,D208,27382.12603
D,D209,27385.61644
D,D210,27400.10959
D,D211,27408.72877
D,D212,27397.21644
D,D213,27397.85205
D,D214,27413.41918
D,D215,27390.20548
D,D216,27406.07397
D,D217,27390.12055
D,D218,27386.54521
D,D219,27402.16438
D,D220,27401.9589
D,D221,27402.59178
D,D222,27387.64658
D,D223,27390.52877
D,D224,27373.91233
D,D225,27406.70685
D,D226,27392.14521
D,D227,27418.0137
D,D228,27404.29589
D,D229,27400.89589
D,D230,27388.7863
D,D231,27408.96712
D,D232,27389.47397
D,D233,27400.8274
D,D234,27412.88219
D,D235,27387.04658
D,D236,27395.59178
D,D237,27397.08219
D,D238,27401.97534
D,D239,27404.27397
D,D240,27416.21918
D,D241,27395.52329
D,D242,27409.58356
D,D243,27388.58082
D,D244,27402.37534
D,D245,27409.75068
D,D246,27393.73151
D,D247,27384.47945
D,D248,27380.03836
D,D249,27383.10137
D,D250,27403.67397
D,D251,27404.18082
D,D252,27393.00822
D,D253,27418.98082
D,D254,27395.89589
D,D255,27409.64932
D,D256,27387.43014
D,D257,27396.90411
D,D258,27400.47123
D,D259,27398.09863
D,D260,27404.04384
D,D261,27419.6274
D,D262,27391.71781
D,D263,27386.56164
D,D264,27405.25205
D,D265,27389.17808
D,D266,27403.6274
D,D267,27395.27123
D,D268,27422.70685
D,D269,27409.06301
D,D270,27395.01644
D,D271,27402.8137
D,D272,27396.27671
D,D273,27388.77808
D,D274,27387.02466
D,D275,27394.26301
D,D276,27401.03014
D,D277,27396.70959
D,D278,27392.29315
D,D279,27392.6274
D,D280,27401.29315
D,D281,27404.23836
D,D282,27390.96712
D,D283,27399.94247
D,D284,27386.37808
D,D285,27410.63836
D,D286,27394.78904
D,D287,27404.73425
D,D288,27400.51233
D,D289,27404.40822
D,D290,27377.84658
D,D291,27410.42466
D,D292,27388.82192
D,D293,27395.50685
D,D294,27404.79178
D,D295,27414.2411
D,D296,27398.2274
D,D297,27396.19726
D,D298,27396.89315
D,D299,27393.13425
D,D300,27394.9589
D,D301,27395.05479
D,D302,27388.28219
D,D303,27388.00274
D,D304,27394.24384
D,D305,27386.63836
D,D306,27392.19452
D,D307,27401.08493
D,D308,27393.40548
D,D309,27398.29589
D,D310,27400.25753
D,D311,27383.35342
D,D312,27391.20274
D,D313,27406.2137
D,D314,27387.89589
D,D315,27399.48493
D,D316,27383.94795
D,D317,27380.90959
D,D318,27405.31507
D,D319,27391.18904
D,D320,27398.17534
D,D321,27419.50411
D,D322,27400.12329
D,D323,27392.33425
D,D324,27404.24932
D,D325,27395.01096
D,D326,27405.27397
D,D327,27403.98356
D,D328,27376.08219
D,D329,27377.93425
D,D330,27403.47671
D,D331,27376.23562
D,D332,27415.25479
D,D333,27387.6
D,D334,27395.60822
D,D335,27389.52329
D,D336,27386.1726
D,D337,27408.15342
D,D338,27403.93973
D,D339,27417.9863
D,D340,27415.27945
D,D341,27390.94795
D,D342,27392.42192
D,D343,27415.3726
D,D344,27414.80274
D,D345,27392.66301
D,D346,27378.05479
D,D347,27402.29041
D,D348,27398.84658
D,D349,27394.26027
D,D350,27400.9726
D,D351,27386.72329
D,D352,27404.51233
D,D353,27402.39452
D,D354,27393.38904
D,D355,27392.00274
D,D356,27399.07945
D,D357,27395.7589
D,D358,27399.73151
D,D359,27402.87123
D,D360,27394.22192
D,D361,27406.40548
D,D362,27395.89589
D,D363,27391.84658
D,D364,27403.87945
D,D365,27415.35068
E,D1,59390
E,D2,59381
E,D3,59367
E,D4,59497
E,D5,59131
E,D6,59127
E,D7,59307
E,D8,59487
E,D9,59209
E,D10,59367
E,D11,59510
E,D12,59623
E,D13,59421
E,D14,59320
E,D15,59254
E,D16,59355
E,D17,59181
E,D18,59059
E,D19,59086
E,D20,59568
E,D21,59529
E,D22,59736
E,D23,59697
E,D24,59339
E,D25,59419
E,D26,59061
E,D27,59119
E,D28,59207
E,D29,59497
E,D30,59153
E,D31,59348
E,D32,59261
E,D33,59230
E,D34,59296
E,D35,59417
E,D36,59209
E,D37,59235
E,D38,59190
E,D39,59809
E,D40,59097
E,D41,59296
E,D42,59370
E,D43,59350
E,D44,59755
E,D45,59553
E,D46,59081
E,D47,59241
E,D48,59476
E,D49,59441
E,D50,59180
E,D51,59507
E,D52,59148
E,D53,59445
E,D54,59294
E,D55,59556
E,D56,59212
E,D57,59417
E,D58,59398
E,D59,59296
E,D60,59615
E,D61,59499
E,D62,59567
E,D63,59440
E,D64,59374
E,D65,59274
E,D66,58836
E,D67,59152
E,D68,59565
E,D69,59115
E,D70,59274
E,D71,59567
E,D72,59026
E,D73,59390
E,D74,59011
E,D75,59251
E,D76,59313
E,D77,58938
E,D78,59318
E,D79,59106
E,D80,59547
E,D81,59395
E,D82,59148
E,D83,59387
E,D84,59303
E,D85,59552
E,D86,59179
E,D87,59180
E,D88,59352
E,D89,59426
E,D90,59190
E,D91,59357
E,D92,59389
E,D93,59178
E,D94,59501
E,D95,59310
E,D96,59262
E,D97,59445
E,D98,59280
E,D99,59125
E,D100,59259
E,D101,59276
E,D102,59629
E,D103,59338
E,D104,59335
E,D105,59313
E,D106,59552
E,D107,59321
E,D108,59400
E,D109,59241
E,D110,59087
E,D111,59411
E,D112,59195
E,D113,59320
E,D114,59527
E,D115,59264
E,D116,59155
E,D117,59390
E,D118,59016
E,D119,59147
E,D120,59274
E,D121,59453
E,D122,59304
E,D123,59336
E,D124,59213
E,D125,59741
E,D126,59347
E,D127,59491
E,D128,59251
E,D129,59600
E,D130,59455
E,D131,59288
E,D132,59503
E,D133,59571
E,D134,59349
E,D135,59513
E,D136,59152
E,D137,59291
E,D138,59665
E,D139,59287
E,D140,59097
E,D141,59182
E,D142,59247
E,D143,59395
E,D144,59258
E,D145,59447
E,D146,59129
E,D147,58990
E,D148,59252
E,D149,59591
E,D150,59229
E,D151,59418
E,D152,59574
E,D153,59379
E,D154,59416
E,D155,59327
E,D156,59487
E,D157,59400
E,D158,59238
E,D159,59323
E,D160,59427
E,D161,59281
E,D162,59255
E,D163,59282
E,D164,59391
E,D165,59198
E,D166,59348
E,D167,59459
E,D168,59355
E,D169,59303
E,D170,59311
E,D171,59401
E,D172,360957
E,D173,360518
E,D174,360771
E,D175,361332
E,D176,360473
E,D177,360930
E,D178,360950
E,D179,360851
E,D180,360473
E,D181,360573
E,D182,361129
E,D183,360547
E,D184,360486
E,D185,360921
E,D186,360092
E,D187,359825
E,D188,361040
E,D189,360297
E,D190,360466
E,D191,360903
E,D192,360997
E,D193,361366
E,D194,361147
E,D195,360451
E,D196,360691
E,D197,360745
E,D198,360521
E,D199,360360
E,D200,361245
E,D201,361315
E,D202,360936
E,D203,361042
E,D204,361133
E,D205,360944
E,D206,361270
E,D207,360815
E,D208,360821
E,D209,361029
E,D210,361300
E,D211,360659
E,D212,360864
E,D213,360665
E,D214,360789
E,D215,360944
E,D216,361583
E,D217,360873
E,D218,361143
E,D219,361555
E,D220,361154
E,D221,360606
E,D222,361516
E,D223,361907
E,D224,360531
E,D225,360595
E,D226,360973
E,D227,359964
E,D228,360557
E,D229,360778
E,D230,360947
E,D231,360952
E,D232,360786
E,D233,361557
E,D234,360921
E,D235,361481
E,D236,361301
E,D237,361327
E,D238,360764
E,D239,361325
E,D240,360886
E,D241,360595
E,D242,361267
E,D243,360741
E,D244,361541
E,D245,360879
E,D246,360583
E,D247,360258
E,D248,360286
E,D249,360958
E,D250,360691
E,D251,360805
E,D252,360482
E,D253,360883
E,D254,361865
E,D255,360376
E,D256,361190
E,D257,360768
E,D258,361250
E,D259,360583
E,D260,360775
E,D261,360772
E,D262,360967
E,D263,360658
E,D264,360921
E,D265,360599
E,D266,59492
E,D267,59332
E,D268,59410
E,D269,59167
E,D270,59313
E,D271,59425
E,D272,59402
E,D273,59097
E,D274,59054
E,D275,59280
E,D276,59340
E,D277,59442
E,D278,59244
E,D279,59412
E,D280,59358
E,D281,59472
E,D282,59542
E,D283,59317
E,D284,59269
E,D285,59266
E,D286,59507
E,D287,59148
E,D288,59364
E,D289,59256
E,D290,59289
E,D291,59085
E,D292,59089
E,D293,59330
E,D294,59333
E,D295,59226
E,D296,59174
E,D297,59341
E,D298,59101
E,D299,59433
E,D300,59273
E,D301,59165
E,D302,59330
E,D303,59227
E,D304,58969
E,D305,59166
E,D306,59368
E,D307,59378
E,D308,59189
E,D309,59176
E,D310,59478
E,D311,59481
E,D312,59439
E,D313,59343
E,D314,59439
E,D315,59323
E,D316,59109
E,D317,59539
E,D318,59108
E,D319,59351
E,D320,59402
E,D321,59459
E,D322,59066
E,D323,59017
E,D324,59267
E,D325,59436
E,D326,59294
E,D327,59318
E,D328,59516
E,D329,59175
E,D330,59662
E,D331,59263
E,D332,59532
E,D333,59178
E,D334,59286
E,D335,59239
E,D336,59197
E,D337,59399
E,D338,59406
E,D339,59184
E,D340,59307
E,D341,59094
E,D342,59313
E,D343,59304
E,D344,59872
E,D345,59576
E,D346,59378
E,D347,59344
E,D348,59348
E,D349,59150
E,D350,59477
E,D351,59717
E,D352,59513
E,D353,59372
E,D354,59214
E,D355,58954
E,D356,59464
E,D357,59437
E,D358,59381
E,D359,59215
E,D360,59423
E,D361,59410
E,D362,59039
E,D363,59190
E,D364,59429
E,D365,59072
F,D1,54784.22192
F,D2,54785.12055
F,D3,54814.82466
F,D4,54797.18904
F,D5,54814.0137
F,D6,54780.38082
F,D7,54796.32055
F,D8,54814.48219
F,D9,54801.59452
F,D10,54797.47945
F,D11,54782.55068
F,D12,54802.18904
F,D13,54787.49589
F,D14,54794.42466
F,D15,54794.95068
F,D16,54796.54795
F,D17,54788.1863
F,D18,54809.22192
F,D19,54803.07945
F,D20,54790.53699
F,D21,54783.7726
F,D22,54781.29041
F,D23,54808.46301
F,D24,54795.74247
F,D25,54788.08767
F,D26,54785.89041
F,D27,54798.65479
F,D28,54805.66849
F,D29,54796.61644
F,D30,54783.85479
F,D31,54804.2
F,D32,54791.21918
F,D33,54809.87945
F,D34,54796.6137
F,D35,54790.6274
F,D36,54789.48493
F,D37,54790.02466
F,D38,54777.80548
F,D39,54789.3863
F,D40,54795.06027
F,D41,54789.54521
F,D42,54784.88767
F,D43,54810.21096
F,D44,54791.8411
F,D45,54785.49041
F,D46,54807.38356
F,D47,54800.93425
F,D48,54812.44932
F,D49,54788.91233
F,D50,54793.93973
F,D51,54782.48493
F,D52,54785.1726
F,D53,54786.97808
F,D54,54791.60274
F,D55,54791.77808
F,D56,54789.98904
F,D57,54789.9726
F,D58,54810.67397
F,D59,54785.20822
F,D60,54784.86575
F,D61,54808.60822
F,D62,54790.27397
F,D63,54798.61096
F,D64,54814.4137
F,D65,54791.9726
F,D66,54795.13973
F,D67,54774.16164
F,D68,54817.45479
F,D69,54807.24932
F,D70,54792.35616
F,D71,54786.88767
F,D72,54779.9589
F,D73,54800.63288
F,D74,54798.39726
F,D75,54800.78904
F,D76,54791.3726
F,D77,54788.18356
F,D78,54799.90137
F,D79,54794.64384
F,D80,54793.8274
F,D81,54785.93425
F,D82,54809.27945
F,D83,54807.53699
F,D84,54777.99452
F,D85,54780.4411
F,D86,54762.16986
F,D87,54806.72329
F,D88,54793.98082
F,D89,54790.75068
F,D90,54784.04658
F,D91,54783.80822
F,D92,54808.39178
F,D93,54780.54521
F,D94,54797.19178
F,D95,54799.81096
F,D96,54792.35342
F,D97,54771.16438
F,D98,54774.25753
F,D99,54796.83288
F,D100,54777.03562
F,D101,54799.70137
F,D102,54789.59178
F,D103,54795.40274
F,D104,54813.55616
F,D105,54791.24658
F,D106,54805.2274
F,D107,54793.96986
F,D108,54797.40548
F,D109,54804.09863
F,D110,54793.18904
F,D111,54774.17808
F,D112,54784.08767
F,D113,54788.14521
F,D114,54810.46027
F,D115,54786.84384
F,D116,54816.27945
F,D117,54786.17534
F,D118,54805.02466
F,D119,54808.8274
F,D120,54797.4
F,D121,54789.87945
F,D122,54801.54521
F,D123,54819.01644
F,D124,54774.55342
F,D125,54764.12329
F,D126,54803.38082
F,D127,54817.99726
F,D128,54790.72877
F,D129,54801.74795
F,D130,54811.51781
F,D131,54809.77534
F,D132,54799.18904
F,D133,54799.96438
F,D134,54788.70685
F,D135,54807.51233
F,D136,54791.15068
F,D137,54772.51233
F,D138,54782.70137
F,D139,54787.69315
F,D140,54792.5863
F,D141,54799.80274
F,D142,54800.66301
F,D143,54781.4274
F,D144,54805.01918
F,D145,54806.35616
F,D146,54805.10411
F,D147,54805.95068
F,D148,54795.44932
F,D149,54814.33973
F,D150,54804.74521
F,D151,54806.79452
F,D152,54801.5589
F,D153,54799.26027
F,D154,54800.09315
F,D155,54793.04384
F,D156,54800.27397
F,D157,54807.47123
F,D158,54802.29863
F,D159,54795.08767
F,D160,54792.4
F,D161,54801.47123
F,D162,54810.69041
F,D163,54799.0274
F,D164,54804.47397
F,D165,54785.14795
F,D166,54808.03562
F,D167,54792.79178
F,D168,54789.29863
F,D169,54786.15616
F,D170,54788.35616
F,D171,54793.85753
F,D172,54788.66027
F,D173,54797.30411
F,D174,54776.06575
F,D175,54791.92329
F,D176,54793.73151
F,D177,54799.55342
F,D178,54782.81918
F,D179,54813.34795
F,D180,54785.06849
F,D181,54793.31781
F,D182,54819.65479
F,D183,54790.00548
F,D184,54795.07123
F,D185,54805.12877
F,D186,54783.01918
F,D187,54788.56712
F,D188,54788.86849
F,D189,54797.36164
F,D190,54805.9863
F,D191,54791.59452
F,D192,54785.92603
F,D193,54798.16712
F,D194,54790.99452
F,D195,54787.57534
F,D196,54806.09041
F,D197,54785.44384
F,D198,54811.08493
F,D199,54786.27945
F,D200,54777.59178
F,D201,54812.55616
F,D202,54813.37808
F,D203,54791.93151
F,D204,54819.01096
F,D205,54809.47671
F,D206,54805.10411
F,D207,54794.47123
F,D208,54806.17534
F,D209,54805.90411
F,D210,54812.65205
F,D211,54812.99178
F,D212,54808.75342
F,D213,54792.43836
F,D214,54796.64658
F,D215,54791.73699
F,D216,54788.35068
F,D217,54800.90685
F,D218,54791.26027
F,D219,54790.15068
F,D220,54788.71507
F,D221,54793.40548
F,D222,54785.56438
F,D223,54806.01644
F,D224,54791.34521
F,D225,54799.21096
F,D226,54784.11233
F,D227,54786.33699
F,D228,54801.14247
F,D229,54800.0411
F,D230,54789.11233
F,D231,54798.59726
F,D232,54759.54521
F,D233,54796.11781
F,D234,54791.09315
F,D235,54810.29315
F,D236,54795.06027
F,D237,54791.18356
F,D238,54805.53973
F,D239,54804.28767
F,D240,54797.02192
F,D241,54796.26849
F,D242,54796.59726
F,D243,54804.97534
F,D244,54793.02466
F,D245,54793.1726
F,D246,54782.42192
F,D247,54795.03014
F,D248,54790.46849
F,D249,54788.03288
F,D250,54792.32877
F,D251,54786.63562
F,D252,54783.32055
F,D253,54781.82466
F,D254,54782.81096
F,D255,54786.9863
F,D256,54799.76712
F,D257,54793.47671
F,D258,54820.82466
F,D259,54793.64384
F,D260,54798.8411
F,D261,54805.48493
F,D262,54787.59726
F,D263,54789.86849
F,D264,54779.38082
F,D265,54773.23014
F,D266,54801.34521
F,D267,54798.45753
F,D268,54785.08767
F,D269,54790.40548
F,D270,54793.88493
F,D271,54791.35068
F,D272,54800.09863
F,D273,54797.11507
F,D274,54799.29589
F,D275,54789.24384
F,D276,54794.4274
F,D277,54777.4
F,D278,54810.34247
F,D279,54786.36986
F,D280,54783.47397
F,D281,54791.14247
F,D282,54788.63836
F,D283,54794.80548
F,D284,54783.55342
F,D285,54774.71507
F,D286,54799.01918
F,D287,54816.45205
F,D288,54795.63562
F,D289,54793.66849
F,D290,54802.6
F,D291,54780.30959
F,D292,54786.58356
F,D293,54805.37534
F,D294,54792.2274
F,D295,54793.41644
F,D296,54802.15068
F,D297,54757.6137
F,D298,54789.05205
F,D299,54769.54795
F,D300,54798.82192
F,D301,54824.79452
F,D302,54807.39178
F,D303,54792.95616
F,D304,54811.65205
F,D305,54802.39452
F,D306,54775.8411
F,D307,54781.23014
F,D308,54813.33425
F,D309,54778.32877
F,D310,54802.49589
F,D311,54793.87397
F,D312,54805.63562
F,D313,54791.11781
F,D314,54805.08767
F,D315,54785.67123
F,D316,54782.1589
F,D317,54811.10411
F,D318,54775.36438
F,D319,54787.10959
F,D320,54799.84932
F,D321,54797.50685
F,D322,54801.08493
F,D323,54793.33973
F,D324,54791.66575
F,D325,54782.14247
F,D326,54798.24658
F,D327,54791.36712
F,D328,54796.96164
F,D329,54793.57534
F,D330,54756.78904
F,D331,54810.23562
F,D332,54826.76986
F,D333,54782.71233
F,D334,54791.89315
F,D335,54791.90411
F,D336,54794.94795
F,D337,54776.80274
F,D338,54771.45205
F,D339,54778.20822
F,D340,54810.56712
F,D341,54796.50411
F,D342,54784.71507
F,D343,54781.49863
F,D344,54784.54247
F,D345,54788.00274
F,D346,54810.1726
F,D347,54793.67123
F,D348,54801.13151
F,D349,54786.89041
F,D350,54790.07945
F,D351,54788.93425
F,D352,54790.84658
F,D353,54803.90137
F,D354,54810.12329
F,D355,54778.21096
F,D356,54790.42192
F,D357,54779.43562
F,D358,54782.55342
F,D359,54817.36986
F,D360,54805.80822
F,D361,54803.67671
F,D362,54793.0411
F,D363,54799.23288
F,D364,54811.25753
F,D365,54811.41644
